model,magnitude_MAE,magnitude_correlation,predicted_to_observed_ratio
No-gradient,0.011503667731223442,0.12558096732787702,1.2791604743943534
Strength-input,0.010689804555270183,0.08922171899884583,1.1227927679297072
Linear-gradient,0.009881431879154563,0.2797288959757746,1.0980996755998251
Shuffled-Hill-gradient,0.009358877894179583,0.08806110116354549,0.690096069092341
Hill-gradient,0.009198560748763133,0.2059738429601024,0.6721829077206846
